order,header,nonempty_rows,fill_rate,unique_nonempty,top_values_sample,classification,note
1,商品コード（楽天URL）,262,1.0,262,4542320580542 (1) | 4560342331614 (1) | 4571216260480 (1),core_runtime_input,毎回入力またはGAS確定
2,楽天商品番号,48,0.1832,48,4542320580542 (1) | 4560342331614 (1) | 4571216260480 (1),optional,必要時のみ
3,カテゴリ,261,0.9962,33,|217199| (67) | |213291| (40) | |215917| (26),core_runtime_input,毎回入力またはGAS確定
4,商品名,262,1.0,262,粉末宇治抹茶  送料無料 訳あり  お茶 健康 ギフト プレゼント 200g 天然生活 抹茶 粉末 茶道 業務用 ギフト ダイエット 濃茶 大容量 パウダー 抹茶パウダー 製菓用 お菓子用 (1) | ベーキングパウダー 風と光 40g (10g×4) 送料無料 アルミフリー 無添加 小分け 業務用 (1) | プチフィナンシェ＆プチチョコ 1000円ポッキリ 送料無料 訳あり スイーツ  スイーツ 焼き菓子 洋菓子 ギフト プレゼント フィナンシェ 30個 天然生活 個包装 ギフト 詰め合わせ お菓子 チョコ 訳あり バター プチ 大容量 業務用 (1),core_runtime_input,毎回入力またはGAS確定
5,楽天ジャンルID,262,1.0,129,205261 (25) | 214282 (10) | 214204 (10),core_runtime_input,毎回入力またはGAS確定
6,非製品属性タグID,0,0.0,0,,unused,
7,yahooプロダクトカテゴリ,262,1.0,114,37873 (25) | 14395 (19) | 41458 (11),optional,必要時のみ
8,キャッチコピー,69,0.2634,69,油あげ、わかめ、あさり、しじみ風味の定番みそ汁4種！ (1) | ピリ辛スープが旨い！本場盛岡冷麺の喉ごしをご家庭で。 (1) | つるっしこっメチャ旨！本場香川の讃岐うどん6食分。 (1),runtime_input,商品ごとに必要度高い
9,モバイルキャッチコピー,0,0.0,0,,unused,
10,販売価格,262,1.0,91,1000 (32) | 1980 (14) | 870 (14),core_runtime_input,毎回入力またはGAS確定
11,消費税,262,1.0,1,1 (262),fixed_value,固定値運用向き
12,消費税率,184,0.7023,2,8 (147) | 10 (37),used_other,
13,軽減税率,262,1.0,2,1 (187) | 0 (75),control_or_optional,商品種別/運用ルールに応じて入力
14,表示価格,262,1.0,6,-2 (255) | 2480 (2) | 2980 (2),control_or_optional,商品種別/運用ルールに応じて入力
15,送料,262,1.0,2,1 (254) | 0 (8),control_or_optional,商品種別/運用ルールに応じて入力
16,個別送料,262,1.0,1,0 (262),fixed_value,固定値運用向き
17,置き配指定,0,0.0,0,,unused,
18,倉庫指定,262,1.0,2,0 (253) | 1 (9),control_or_optional,商品種別/運用ルールに応じて入力
19,JANコード,140,0.5344,138,4571374984457 (2) | 4932395525737 (2) | 4560342331614 (1),runtime_input,商品ごとに必要度高い
20,ソーシャルギフト,0,0.0,0,,unused,
21,PC用商品説明文,101,0.3855,101,"<table>
  <tr><th>■品名</th><td>宇治抹茶</td></tr>
  <tr><th>■原材料名</th><td>緑茶（国産）</td></tr>
  <tr><th>■内容量</th><td>200g</td></tr>
  <tr><th>■賞味期限</th><td>製造より常温180日(約60～180日弱賞味期限が残ったものでのお届けとなります）</td></tr>
  <tr><th>■保存方法</th><td>高温多湿を避け移り香に御注意下さい</td></tr>
  <tr><th>■販売者</th><td>株式会社天然生活<br>〒141-0032　東京都品川区大崎3-6-4　トキワビル7F</td></tr>
</table>
<hr>
<p>■良質　京都南山城産宇治茶100％使用<br>本格的な高級抹茶をお手軽に。<br><br>徳用京都南山城産宇治茶100％　粉末宇治抹茶<br>この宇治抹茶が・・・<br>生産農家様との直接交渉の末、<br>1杯あたり12円でご提供可能に！！<br>1袋200g入りなので・・・<br>1杯80mlあたり2g抹茶を使用した場合・・・・約100杯分<br>京都産茶葉を100％使用した上質な京都宇治抹茶がこの価格！！<br><br>徳用京都南山城産宇治茶100％粉末宇治抹茶<br>およそ100杯分。1杯あたり約12円でお楽しみ頂けます。<br><br>100杯入り1杯12円（特別ルート価格）1200円（税抜）<br><br>生産家の方と直接交渉でこの特別価格が可能に！！<br>お見逃しなく！！<br><br>■TVなどで話題！！海外でもブーム！！<br>日本の伝統的味　抹茶<br>ユネスコ無形文化遺産に登録され、世界でも注目を集めている<br>「和食」。その中でも、人気なのが「抹茶」。<br>美味しいのはもちろんのこと、美容や健康に良いスーパーフード<br>としても人気が高まっています。<br><br>■その抹茶の中でも人気の高いものと言えば・・・<br>「宇治茶」<br>宇治茶は商標登録されており「京都府・奈良県・滋賀県・三重県の<br>4府県産茶を京都府内業者が京都府内において宇治地域に由来する<br>製法により仕上げ加工した緑茶」としています。<br><br>■本品は100％京都府産茶葉使用！<br>京都府南山城村産<br>村域の約4分の3は山林で占められ、平地は少なく、急峻な山間部に位置<br>する南山城村を代表する特産品が「お茶」。全国的な品評会でも高い評価<br>を得るなど、宇治茶の主産地として知られるようになりました。品質の<br>良いお茶を生み出しているのは、お茶の栽培に適した気候と土壌。この<br>地域特有の香り高く良質な高級茶を育みます。<br>江戸時代、蒸した茶の芽を焙炉（ほいろ）で乾燥させ「手で揉む」煎茶の<br>製法（宇治茶製法）が開発され、宇治茶の素晴らしさが全国的に広まり、<br>煎茶の栽培が盛んになりました。南山城村の茶葉は新鮮な色合いと爽やかな<br>味と高い香り。14年連続で農林水産大臣賞を受賞する南山城村産の品質の<br>良さを証明しています。<br>南山城村では、村をあげて茶業を振興するほど、お茶に力を注いでいます！<br><br>■その南山城村の抹茶。<br>抹茶と粉末の緑茶は何が違うの？<br>粉末緑茶が煎茶の葉や粉茶（煎茶や玉露の仕上げの過程で生じる非常に細かい<br>茶葉）を粉砕し粉末状にしたものであるのに対し、抹茶はてん茶と呼ばれる葉を<br>粉砕加工したもの。てん茶は栽培時に覆いをすることにより、煎茶と比較して<br>渋み成分が抑えられ、より旨み成分や甘み成分が強いのが特徴です。<br><br>■茶葉の栄養をまるごと。<br>抹茶は茶葉をまるごと粉砕するので、お茶の栄養成分がそのまま入っています。<br>通常の浸出液（茶葉にお湯を注いだ、一般的にいう「お茶」のこと）ではお湯に<br>溶けずに茶殻に残ってしまう成分も抹茶として飲むことで余すことなく摂取する<br>ことができます。<br><br>■栄養を逃さない！！<br>ビタミン　ビタミンA、C、Eなど美容や健康に嬉しいビタミンがたくさん。<br>ミネラル　カリウム、カルシウム、鉄、ミネラルも豊富に含まれます。<br>カテキン　渋みに関わる成分。最近はダイエット等で注目されています。<br>テアニン　うま味や甘味に関わる成分。ホッと一息、リラックスしたい時に。<br>カフェイン　苦味に関わる成分。リフレッシュしたい時におすすめです。<br>食物繊維　不足しがちな食物繊維も手軽に摂取することができます。<br><br>京都府産の茶葉100％だから、茶葉以外の余計なものは入っていません！！<br>まるごと粉末にしているので、水に溶けない成分までしっかりと摂取できます。<br><br>■お飲みいただく際の目安<br>粉末抹茶2gに対してお湯80ml<br>あくまで目安ですので、お好みに合わせて抹茶やお湯の量を調節して下さい。<br><br>■粉末なので簡単に溶ける！！<br>ホットでもアイスでも美味しい。<br>※水では溶けにくいのでアイスでお飲みの場合は、少量のお湯で溶かしてから<br>水や氷を加えて下さい。<br>粒子が非常に細かいので、のどに残らずなめらかな舌触り。<br><br>■いろいろご利用下さい。<br>抹茶オレ　牛乳と合わせてお子様でも飲みやすい。<br>抹茶アイス　アイスに抹茶を好きなだけかけて。<br><br>飲用として使うのはもちろん、製菓用、料理用と幅広い用途でご利用いただけます！！<br>ホッと一息。<br>お一人でもご家族やご友人とでもホッと一息つきたい時におすすめです！！<br><br>■どうして徳用なの？お安くご提供ができる理由。<br>?通常（一般的な商品）<br>生産農家⇒農協⇒原料問屋⇒加工会社⇒問屋⇒販社⇒消費者<br>?こちらの商品<br>生産農家⇒⇒⇒⇒⇒⇒⇒⇒⇒加工会社⇒問屋⇒販社⇒消費者<br><br>農協を通さず、生産農家さんから直接茶葉を仕入れることで、通常かかるコストをカット！！<br>安くなった分お客様へ還元！！<br>是非お見逃しなく！！</p> (1) | <p>個包装で配りやすく、ギフトにも最適なプチサイズのバター香るフィナンシェ＆ショコラ30個入り。</p> <hr> <table> <tr><th>■商品名</th><td>フィナンシェ15個ショコラフィナンシェ15個</td></tr> <tr><th>■名称</th><td>菓子</td></tr> <tr><th>■原材料名</th><td>【フィナンシェ】液卵白（国内製造）、グラニュー糖、マーガリン、小麦粉、アーモンドパウダー、コーンスターチ、麦芽糖、還元水飴、食用植物油脂／加工でん粉、膨張剤、乳化剤、香料、着色料（カロテン）、（一部に小麦・卵・乳成分・アーモンド・大豆を含む）<br>【ショコラ】グラニュー糖（国内製造）、液卵白、マーガリン、小麦粉、アーモンドパウダー、コーンスターチ、準チョコレート、麦芽糖、還元水飴、食用植物油脂／加工でん粉、膨張剤、乳化剤、香料、着色料（カロテン）、（一部に小麦・卵・乳成分・アーモンド・大豆を含む）</td></tr> <tr><th>■内容量</th><td>フィナンシェ15個ショコラ15個</td></tr> <tr><th>■賞味期限</th><td>製造日より常温90日（約30日～90日弱賞味期限が残ったものでのお届けとなります）</td></tr> <tr><th>■保存方法</th><td>直射日光、高温多湿の所を避けて保存</td></tr> <tr><th>■販売者</th><td>株式会社天然生活<br>〒141-0032　東京都品川区大崎3-6-4　トキワビル7F</td></tr> <tr><th>■栄養成分表示(100g当たり)</th><td>【フィナンシェ】<br>エネルギー：459kcal<br>たんぱく質：6.3g<br>脂質：28.2g<br>炭水化物：45.0g<br>食塩相当量：0.3ｇ<br>【ショコラ】<br>エネルギー：447kcal<br>たんぱく質：5.9g<br>脂質：25.9g<br>炭水化物：48.7g<br>食塩相当量：0.3ｇ<br>この表示値は目安です</td></tr> </table> <hr> <p>■大人気定番洋菓子フィナンシェ<br>嬉しい2つの味。<br>チョコ＆プレーン</p> <p>■しっとり美味しい!!<br>2つの味が楽しめる一口サイズのフィナンシェ。<br>欲張りセット<br>プチフィナンシェ＆チョコフィナンシェ</p> <p>■どっさり!!<br>簡易包装<br>大容量30個<br>嬉しい個包装<br>プチフィナンシェ15個＆プチチョコフィナンシェ15個</p> <p>■フィナンシェとは？Financier<br>フランスの焼き菓子で、フランス語で「資産家」という意味があり、数々の大富豪からも愛されました。<br>四角い形は「金塊」をイメージしているんだとか。バターとアーモンドの風味が特徴的です。</p> <p>・プチフィナンシェ<br>洋菓子の定番と言えばコレ！素材の美味しさをそのまま感じることができるプレーン♪<br>良質な原材料を使用し。サックリ混ぜ合わせることで食感もよく焼き上げました!!</p> <p>・プチチョコフィナンシェ<br>アーモンドプードルとカカオペーストを使用し、アーモンドの香りとチョコの風味がたまらないフィナンシェに!!<br>甘さ控えめで重たくなくサックリと焼き上げました！チョコ好きの方にもおすすめです。</p> <p>■昭和55年より、多くのお客様に愛される半生菓子店が製造!!<br>国内の工場にて丁寧に一つ一つ作られています。<br>原材料一つ一つ良質なものを使用し、サックリ混ぜ合わせることで食感もよく焼き上げました。<br>小さなお子様からご年配の方まで安心してお召し上がりいただけます。</p> <p>■食べやすい大きさがうれしい「プチ」サイズ!!<br>個包装だから、おやつはもちろん、お出かけする際やみんなが集まるパーティーなどにも便利♪<br>かる～い食感とかわいいサイズ感でついついもう1個食べたくなる!!<br>皆様でお召し上がりください。</p> <p>※開封後はお早めにお召し上がり下さい。<br>※お得にお届けをする為の簡易包装による梱包なので、お届け時に<br>若干の潰れや割れ、欠けなどが含まれる場合もございますが、予めご了承下さい。</p> (1) | <p><b>商品名</b><br>乾燥食肉製品</p>

<p><b>商品情報</b></p>
<table border=""1"" cellspacing=""0"" cellpadding=""6"">
  <tr><th>名称</th><td>ドライソーセージ</td></tr>
  <tr><th>原材料名</th><td>鶏肉（国産）、豚脂肪、豚肉、粉末水あめ、香辛料、食塩、ポークエキス/調味料(アミノ酸等)、リン酸塩(Na)、酸化防止剤(ビタミンC)、発色剤(硝酸K、亜硝酸Na)、香辛料抽出物、(一部に鶏肉・豚肉・大豆を含む)</td></tr>
  <tr><th>内容量</th><td>500g</td></tr>
  <tr><th>賞味期限</th><td>製造より常温120日 (約40日～120日弱賞味期限が残ったものでのお届けとなります)</td></tr>
  <tr><th>保存方法</th><td>直射日光および高温多湿を避け、常温で保存してください。</td></tr>
  <tr><th>販売者</th><td>株式会社天然生活<br>〒141-0032　東京都品川区大崎3-6-4　トキワビル7F</td></tr>
</table>

<p><b>栄養成分表示 (100gあたり)</b></p>
<table border=""1"" cellspacing=""0"" cellpadding=""6"">
  <tr><th>エネルギー</th><td>544kcal</td></tr>
  <tr><th>たんぱく質</th><td>20.6g</td></tr>
  <tr><th>脂質</th><td>47.0g</td></tr>
  <tr><th>炭水化物</th><td>9.7g</td></tr>
  <tr><th>食塩相当量</th><td>3.3g</td></tr>
  <tr><td colspan=""2"">※この表示値は目安です。</td></tr>
</table>

<p>●温度条件により表面に脂肪等が浮き出る場合がございますが品質に異常はありませんので安心してお召し上がりください。</p> (1)",runtime_input,商品ごとに必要度高い
22,PC用商品説明文改行,262,1.0,2,0 (261) | 1 (1),fixed_value,固定値運用向き
23,モバイル用商品説明文,0,0.0,0,,unused,
24,モバイル用商品説明文改行,262,1.0,1,0 (262),fixed_value,固定値運用向き
25,スマートフォン用商品説明文,88,0.3359,87,"<!--ECMPAN--><a href=""https://search.rakuten.co.jp/search/mall/%E5%92%8C%E8%8F%93%E5%AD%90/?sid=431896"">おすすめ和菓子</a> ＞ <a href=""https://search.rakuten.co.jp/search/mall/%E3%81%AE%E3%81%A9%E9%A3%B4/?sid=431896"">おすすめのど飴</a><br><br><!--/ECMPAN--> (2) | <!--ECMPAN--><a href=""https://search.rakuten.co.jp/search/mall/%E5%92%8C%E8%8F%93%E5%AD%90/?sid=431896"">おすすめ和菓子</a> ＞ <a href=""https://search.rakuten.co.jp/search/mall/%E7%90%A5%E7%8F%80%E7%B3%96/?sid=431896"">おすすめ琥珀糖</a><br><br><!--/ECMPAN--><p><b>宝石みたいな輝きとシャリぷる食感！</b><br>
ぼんぽ庵の「果実の琥珀糖」は、外はシャリッと中はぷるん。カラフルで<br>
まるで食べる宝石。母の日ギフトやおしゃれなお茶請けにぴったりです。</p>

<p>
●宝石みたいにかわいいカラフル琥珀糖<br>
●果実フレーバーで爽やかな甘さ<br>
●訳ありお徳用たっぷりサイズ<br>
●母の日・プチギフト・自分へのご褒美に<br>
●琥珀糖グミ感覚の新しいスイーツ<br>
</p>

<hr>

<table>
<tr><th>商品名</th><td>ぼんぽ庵 果実の琥珀糖</td></tr>
<tr><th>内容量</th><td>訳ありお徳用</td></tr>
<tr><th>原材料</th><td>砂糖（国内製造）、寒天、果汁パウダー／着色料（ビートレッド、ウコン）、香料</td></tr>
<tr><th>賞味期限</th><td>製造日より60日</td></tr>
<tr><th>保存方法</th><td>直射日光・高温多湿を避け常温保存</td></tr>
<tr><th>配送方法</th><td>常温便</td></tr>
<tr><th>JANコード</th><td>なし</td></tr>
</table>

<p>
■お召し上がり方<br>
●そのままはもちろん、紅茶やアイスのトッピングにもおすすめ。<br>
●冷蔵庫で軽く冷やすと、よりシャリッとした食感に。<br>
</p>

<p>
■ご注意<br>
●手作りのため形や大きさにばらつきがあります。<br>
●開封後はお早めにお召し上がりください。<br>
</p>

<hr>

<p>
<a href=""#top"">▲ページトップへ戻る</a>
</p> (1) | <p><b>こだわり素材でベーキングが変わる！</b></p>
<hr>
●アルミフリー・無添加で安心<br>
●40gの小分けパックで使いやすい<br>
●業務用品質を家庭で再現<br>
●パン・ケーキ・お菓子作りに万能<br>
●JANコード：4560342331614<br>
<hr>
<table>
<tr><th>商品名</th><td>風と光 ベーキングパウダー 40g</td></tr>
<tr><th>キーワード</th><td>ベーキングパウダー アルミフリー 無添加 小分け 業務用</td></tr>
<tr><th>内容量</th><td>40g</td></tr>
<tr><th>原材料</th><td>炭酸水素ナトリウム、酒石酸、コーンスターチ</td></tr>
<tr><th>JANコード</th><td>4560342331614</td></tr>
<tr><th>保存方法</th><td>直射日光・高温多湿を避け常温保存</td></tr>
</table>
<p>
●使い切りやすい40gで、いつでも新鮮な膨らみを実感。<br>
●アルミニウム不使用だから、ベビーやキッズのおやつにもおすすめ。<br>
●プロのベーカリーでも採用される品質をご家庭に。<br>
●ノンアルミ・無添加にこだわる風と光ブランドの自信作です。<br>
</p> (1)",runtime_input,商品ごとに必要度高い
26,スマートフォン用商品説明文改行,262,1.0,2,0 (261) | 1 (1),fixed_value,固定値運用向き
27,PC用販売説明文,0,0.0,0,,unused,
28,PC用販売説明文改行,262,1.0,2,0 (261) | 1 (1),fixed_value,固定値運用向き
29,画像1,260,0.9924,258,http://r-asp02.item-robot.com/upload/images/1681/kohakutou/3.png (2) | http://r-asp02.item-robot.com/upload/images/1681/11348368/11386679/imgrc0101259612.jpg (2) | http://r-asp02.item-robot.com/upload/images/1681/yupacket/snc00010181/snc00010181-item1.jpg (1),image_url,商品ごとに必要。固定命名からGAS生成可
30,画像2,254,0.9695,245,http://r-asp02.item-robot.com/upload/images/1681/sanriojerry/2.png (3) | http://r-asp02.item-robot.com/upload/images/1681/11348368/11386679/sm00011009_01.jpg (2) | http://r-asp02.item-robot.com/upload/images/1681/daikon/sub1.png (2),image_url,商品ごとに必要。固定命名からGAS生成可
31,画像3,252,0.9618,245,http://r-asp02.item-robot.com/upload/images/1681/sanriojerry/3.png (3) | http://r-asp02.item-robot.com/upload/images/1681/11348368/11386679/sm00011009_02.jpg (2) | http://r-asp02.item-robot.com/upload/images/1681/daikon/sub2.png (2),image_url,商品ごとに必要。固定命名からGAS生成可
32,画像4,244,0.9313,236,http://r-asp02.item-robot.com/upload/images/1681/sanriojerry/4.png (3) | http://r-asp02.item-robot.com/upload/images/1681/kohakutou/4.png (2) | http://r-asp02.item-robot.com/upload/images/1681/11348368/11449608/imgrc0101601152.jpg (2),image_url,商品ごとに必要。固定命名からGAS生成可
33,画像5,217,0.8282,210,http://r-asp02.item-robot.com/upload/images/1681/sanriojerry/5.png (3) | http://r-asp02.item-robot.com/upload/images/1681/11348368/11386679/sm00011009_05.jpg (2) | http://r-asp02.item-robot.com/upload/images/1681/haginoshio/5.png (2),image_url,商品ごとに必要。固定命名からGAS生成可
34,画像6,181,0.6908,174,http://r-asp02.item-robot.com/upload/images/1681/sanrio/6.png (3) | http://r-asp02.item-robot.com/upload/images/1681/kohakutou/7.png (2) | http://r-asp02.item-robot.com/upload/images/1681/chocoegg/chocoegg/5.png (2),image_url,商品ごとに必要。固定命名からGAS生成可
35,画像7,162,0.6183,139,http://r-asp02.item-robot.com/upload/images/1681/default/attentio.jpg (20) | http://r-asp02.item-robot.com/upload/images/1681/haginoshio/10.png (2) | http://r-asp02.item-robot.com/upload/images/1681/kohakutou/8.png (2),image_url,商品ごとに必要。固定命名からGAS生成可
36,画像8,97,0.3702,52,http://r-asp02.item-robot.com/upload/images/1681/default/attentio.jpg (42) | http://r-asp02.item-robot.com/upload/images/1681/kohakutou/9.png (2) | http://r-asp02.item-robot.com/upload/images/1681/countdowncalendar/6.png (2),image_url,商品ごとに必要。固定命名からGAS生成可
37,画像9,32,0.1221,28,http://r-asp02.item-robot.com/upload/images/1681/kohakutou/10.png (2) | http://r-asp02.item-robot.com/upload/images/1681/countdowncalendar/7.png (2) | http://r-asp02.item-robot.com/upload/images/1681/haginoshio/12.png (2),image_url,商品ごとに必要。固定命名からGAS生成可
38,画像10,27,0.1031,23,http://r-asp02.item-robot.com/upload/images/1681/tuji/3.png (2) | http://r-asp02.item-robot.com/upload/images/1681/countdowncalendar/11.png (2) | http://r-asp02.item-robot.com/upload/images/1681/chocoegg/chocoegg/10.png (2),image_url,商品ごとに必要。固定命名からGAS生成可
39,画像11,23,0.0878,20,http://r-asp02.item-robot.com/upload/images/1681/tuji/4.png (2) | http://r-asp02.item-robot.com/upload/images/1681/chocoegg/chocoegg/11.png (2) | http://r-asp02.item-robot.com/upload/images/1681/haginoshio/14.png (2),image_url,商品ごとに必要。固定命名からGAS生成可
40,画像12,18,0.0687,15,http://r-asp02.item-robot.com/upload/images/1681/yuri/260105_11.png (2) | http://r-asp02.item-robot.com/upload/images/1681/chocoegg/chocoegg/12.png (2) | http://r-asp02.item-robot.com/upload/images/1681/haginoshio/15.png (2),image_url,商品ごとに必要。固定命名からGAS生成可
41,画像13,16,0.0611,14,http://r-asp02.item-robot.com/upload/images/1681/haginoshio/16.png (2) | http://r-asp02.item-robot.com/upload/images/1681/chocoegg/chocoegg/14.png (2) | http://r-asp02.item-robot.com/upload/images/1681/yuri/2_sashikae.jpg (1),image_url,商品ごとに必要。固定命名からGAS生成可
42,画像14,12,0.0458,10,http://r-asp02.item-robot.com/upload/images/1681/chocoegg/chocoegg/13.png (2) | http://r-asp02.item-robot.com/upload/images/1681/haginoshio/17.png (2) | http://r-asp02.item-robot.com/upload/images/1681/yuri/3_sashikae.jpg (1),image_url,商品ごとに必要。固定命名からGAS生成可
43,画像15,11,0.042,9,http://r-asp02.item-robot.com/upload/images/1681/haginoshio/18.png (2) | http://r-asp02.item-robot.com/upload/images/1681/chocoegg/chocoegg/15.png (2) | http://r-asp02.item-robot.com/upload/images/1681/11348368/11393810/imgrc0100861641.jpg (1),image_url,商品ごとに必要。固定命名からGAS生成可
44,画像16,9,0.0344,7,http://r-asp02.item-robot.com/upload/images/1681/chocoegg/chocoegg/16.png (2) | http://r-asp02.item-robot.com/upload/images/1681/haginoshio/19.png (2) | http://r-asp02.item-robot.com/upload/images/1681/tuji/12.png (1),image_url,商品ごとに必要。固定命名からGAS生成可
45,画像17,9,0.0344,7,http://r-asp02.item-robot.com/upload/images/1681/chocoegg/chocoegg/17.jpg (2) | http://r-asp02.item-robot.com/upload/images/1681/haginoshio/20.png (2) | http://r-asp02.item-robot.com/upload/images/1681/tuji/5.png (1),image_url,商品ごとに必要。固定命名からGAS生成可
46,画像18,9,0.0344,7,http://r-asp02.item-robot.com/upload/images/1681/chocoegg/chocoegg/18.png (2) | http://r-asp02.item-robot.com/upload/images/1681/haginoshio/21.png (2) | http://r-asp02.item-robot.com/upload/images/1681/tuji/6.png (1),image_url,商品ごとに必要。固定命名からGAS生成可
47,画像19,7,0.0267,5,http://r-asp02.item-robot.com/upload/images/1681/haginoshio/22.png (2) | http://r-asp02.item-robot.com/upload/images/1681/chocoegg/chocoegg/19.png (2) | http://r-asp02.item-robot.com/upload/images/1681/tuji/7.png (1),image_url,商品ごとに必要。固定命名からGAS生成可
48,画像20,2,0.0076,2,http://r-asp02.item-robot.com/upload/images/1681/tuji/8.png (1) | http://r-asp02.item-robot.com/upload/images/1681/nk00000043/4582199347105/nk00000043-19.jpg (1),image_url,商品ごとに必要。固定命名からGAS生成可
49,画像1の説明,74,0.2824,54,【先着限定クーポン配布中!】マーブルクッキー父の日クッキー洋菓子焼き菓子ギフトプレゼント(500g)天然生活パティシエ監修大容量業務用お徳用おやつティータイムお菓子ココア味プレーン味訳ありスイーツ焼菓子 (6) | 【先着限定クーポン配布中!】宮崎マンゴーキャンディ1000円ポッキリ送料無料訳ありスイーツ父の日スイーツフルーツギフトプレゼント(250g)天然生活飴マンゴーピューレ着色料不使用大容量個包装宮崎県産フルーツ国内製造キャンディー (4) | 【先着限定クーポン配布中!】【シーズンオフ特価品(賞味期限2025年6月)】やおきんハロウィンモンスターパーティーグミきもかわオイシイ！250gハロパ配布に超便利！ (3),optional_image_meta,画像説明。必要時のみ
50,画像2の説明,68,0.2595,49,【先着限定クーポン配布中!】マーブルクッキー父の日クッキー洋菓子焼き菓子ギフトプレゼント(500g)天然生活パティシエ監修大容量業務用お徳用おやつティータイムお菓子ココア味プレーン味訳ありスイーツ焼菓子 (6) | 【先着限定クーポン配布中!】宮崎マンゴーキャンディ1000円ポッキリ送料無料訳ありスイーツ父の日スイーツフルーツギフトプレゼント(250g)天然生活飴マンゴーピューレ着色料不使用大容量個包装宮崎県産フルーツ国内製造キャンディー (4) | 【先着限定クーポン配布中!】ベイクドチーズケーキ父の日スイーツ洋菓子ギフトプレゼント(5号)天然生活スイーツスフレケーキホール誕生日ギフト手土産冷凍 (3),optional_image_meta,画像説明。必要時のみ
51,画像3の説明,67,0.2557,48,【先着限定クーポン配布中!】マーブルクッキー父の日クッキー洋菓子焼き菓子ギフトプレゼント(500g)天然生活パティシエ監修大容量業務用お徳用おやつティータイムお菓子ココア味プレーン味訳ありスイーツ焼菓子 (6) | 【先着限定クーポン配布中!】宮崎マンゴーキャンディ1000円ポッキリ送料無料訳ありスイーツ父の日スイーツフルーツギフトプレゼント(250g)天然生活飴マンゴーピューレ着色料不使用大容量個包装宮崎県産フルーツ国内製造キャンディー (4) | 【先着限定クーポン配布中!】有機宇治抹茶パウダー100gワンランク上1000円ポッキリ送料無料訳あり父の日お茶スイーツ健康ギフトプレゼント天然生活抹茶パウダー製菓用業務用お菓子用有機宇治抹茶粉末無添加 (3),optional_image_meta,画像説明。必要時のみ
52,画像4の説明,56,0.2137,42,【先着限定クーポン配布中!】マーブルクッキー父の日クッキー洋菓子焼き菓子ギフトプレゼント(500g)天然生活パティシエ監修大容量業務用お徳用おやつティータイムお菓子ココア味プレーン味訳ありスイーツ焼菓子 (6) | 【先着限定クーポン配布中!】宮崎マンゴーキャンディ1000円ポッキリ送料無料訳ありスイーツ父の日スイーツフルーツギフトプレゼント(250g)天然生活飴マンゴーピューレ着色料不使用大容量個包装宮崎県産フルーツ国内製造キャンディー (4) | 【先着限定クーポン配布中!】有機宇治抹茶パウダー100gワンランク上1000円ポッキリ送料無料訳あり父の日お茶スイーツ健康ギフトプレゼント天然生活抹茶パウダー製菓用業務用お菓子用有機宇治抹茶粉末無添加 (3),optional_image_meta,画像説明。必要時のみ
53,画像5の説明,47,0.1794,36,【先着限定クーポン配布中!】マーブルクッキー父の日クッキー洋菓子焼き菓子ギフトプレゼント(500g)天然生活パティシエ監修大容量業務用お徳用おやつティータイムお菓子ココア味プレーン味訳ありスイーツ焼菓子 (5) | 【先着限定クーポン配布中!】宮崎マンゴーキャンディ1000円ポッキリ送料無料訳ありスイーツ父の日スイーツフルーツギフトプレゼント(250g)天然生活飴マンゴーピューレ着色料不使用大容量個包装宮崎県産フルーツ国内製造キャンディー (4) | 【先着限定クーポン配布中!】有機宇治抹茶パウダー100gワンランク上1000円ポッキリ送料無料訳あり父の日お茶スイーツ健康ギフトプレゼント天然生活抹茶パウダー製菓用業務用お菓子用有機宇治抹茶粉末無添加 (3),optional_image_meta,画像説明。必要時のみ
54,画像6の説明,43,0.1641,34,【先着限定クーポン配布中!】宮崎マンゴーキャンディ1000円ポッキリ送料無料訳ありスイーツ父の日スイーツフルーツギフトプレゼント(250g)天然生活飴マンゴーピューレ着色料不使用大容量個包装宮崎県産フルーツ国内製造キャンディー (4) | 【先着限定クーポン配布中!】有機宇治抹茶パウダー100gワンランク上1000円ポッキリ送料無料訳あり父の日お茶スイーツ健康ギフトプレゼント天然生活抹茶パウダー製菓用業務用お菓子用有機宇治抹茶粉末無添加 (3) | 【先着限定クーポン配布中!】マーブルクッキー父の日クッキー洋菓子焼き菓子ギフトプレゼント(500g)天然生活パティシエ監修大容量業務用お徳用おやつティータイムお菓子ココア味プレーン味訳ありスイーツ焼菓子 (3),optional_image_meta,画像説明。必要時のみ
55,画像7の説明,40,0.1527,31,【先着限定クーポン配布中!】マーブルクッキー父の日クッキー洋菓子焼き菓子ギフトプレゼント(500g)天然生活パティシエ監修大容量業務用お徳用おやつティータイムお菓子ココア味プレーン味訳ありスイーツ焼菓子 (4) | 【先着限定クーポン配布中!】宮崎マンゴーキャンディ1000円ポッキリ送料無料訳ありスイーツ父の日スイーツフルーツギフトプレゼント(250g)天然生活飴マンゴーピューレ着色料不使用大容量個包装宮崎県産フルーツ国内製造キャンディー (4) | 【先着限定クーポン配布中!】有機宇治抹茶パウダー100gワンランク上1000円ポッキリ送料無料訳あり父の日お茶スイーツ健康ギフトプレゼント天然生活抹茶パウダー製菓用業務用お菓子用有機宇治抹茶粉末無添加 (3),optional_image_meta,画像説明。必要時のみ
56,画像8の説明,6,0.0229,6,【先着限定クーポン配布中!】粉末宇治抹茶1000円ポッキリ送料無料訳あり父の日お茶健康ギフトプレゼント200g天然生活抹茶粉末茶道業務用無農薬ギフトダイエット濃茶大容量パウダー抹茶パウダー製菓用お菓子用 (1) | 【先着限定クーポン配布中!】ジューシーカルパス父の日おつまみ肉グルメギフトプレゼント500g天然生活訳ありカルパスおつまみつまみ珍味業務用訳あり大容量業務用太サラミ通販 (1) | 【先着限定クーポン配布中!】炙り焼き豚バラジャーキー父の日肉おつまみグルメギフトプレゼント160g天然生活生姜焼き厚切りおつまみポークジャーキー豚肉珍味徳用ジャーキーおつまみ大容量訳あり豚バラ (1),optional_image_meta,画像説明。必要時のみ
57,画像9の説明,3,0.0115,3,【先着限定クーポン配布中!】粉末宇治抹茶1000円ポッキリ送料無料訳あり父の日お茶健康ギフトプレゼント200g天然生活抹茶粉末茶道業務用無農薬ギフトダイエット濃茶大容量パウダー抹茶パウダー製菓用お菓子用 (1) | 【先着限定クーポン配布中!】ジューシーカルパス父の日おつまみ肉グルメギフトプレゼント500g天然生活訳ありカルパスおつまみつまみ珍味業務用訳あり大容量業務用太サラミ通販 (1) | 【先着限定クーポン配布中!】有機宇治ほうじ茶パウダー100gワンランク上1000円ポッキリ送料無料天然生活京都府産ほうじ茶ラテ粉末ほうじ茶パウダーほうじ茶粉ほうじ茶茶葉粉末ほうじ茶ほうじ茶有機ほうじ茶香ばしいほうじ茶宇治露オーガニックほうじ茶 (1),optional_image_meta,画像説明。必要時のみ
58,画像10の説明,2,0.0076,2,【先着限定クーポン配布中!】粉末宇治抹茶1000円ポッキリ送料無料訳あり父の日お茶健康ギフトプレゼント200g天然生活抹茶粉末茶道業務用無農薬ギフトダイエット濃茶大容量パウダー抹茶パウダー製菓用お菓子用 (1) | 【先着限定クーポン配布中!】ジューシーカルパス父の日おつまみ肉グルメギフトプレゼント500g天然生活訳ありカルパスおつまみつまみ珍味業務用訳あり大容量業務用太サラミ通販 (1),optional_image_meta,画像説明。必要時のみ
59,画像11の説明,2,0.0076,2,【先着限定クーポン配布中!】粉末宇治抹茶1000円ポッキリ送料無料訳あり父の日お茶健康ギフトプレゼント200g天然生活抹茶粉末茶道業務用無農薬ギフトダイエット濃茶大容量パウダー抹茶パウダー製菓用お菓子用 (1) | 【先着限定クーポン配布中!】ジューシーカルパス父の日おつまみ肉グルメギフトプレゼント500g天然生活訳ありカルパスおつまみつまみ珍味業務用訳あり大容量業務用太サラミ通販 (1),optional_image_meta,画像説明。必要時のみ
60,画像12の説明,1,0.0038,1,【先着限定クーポン配布中!】粉末宇治抹茶1000円ポッキリ送料無料訳あり父の日お茶健康ギフトプレゼント200g天然生活抹茶粉末茶道業務用無農薬ギフトダイエット濃茶大容量パウダー抹茶パウダー製菓用お菓子用 (1),optional_image_meta,画像説明。必要時のみ
61,画像13の説明,1,0.0038,1,【先着限定クーポン配布中!】粉末宇治抹茶1000円ポッキリ送料無料訳あり父の日お茶健康ギフトプレゼント200g天然生活抹茶粉末茶道業務用無農薬ギフトダイエット濃茶大容量パウダー抹茶パウダー製菓用お菓子用 (1),optional_image_meta,画像説明。必要時のみ
62,画像14の説明,1,0.0038,1,【先着限定クーポン配布中!】粉末宇治抹茶1000円ポッキリ送料無料訳あり父の日お茶健康ギフトプレゼント200g天然生活抹茶粉末茶道業務用無農薬ギフトダイエット濃茶大容量パウダー抹茶パウダー製菓用お菓子用 (1),optional_image_meta,画像説明。必要時のみ
63,画像15の説明,1,0.0038,1,【先着限定クーポン配布中!】粉末宇治抹茶1000円ポッキリ送料無料訳あり父の日お茶健康ギフトプレゼント200g天然生活抹茶粉末茶道業務用無農薬ギフトダイエット濃茶大容量パウダー抹茶パウダー製菓用お菓子用 (1),optional_image_meta,画像説明。必要時のみ
64,画像16の説明,0,0.0,0,,unused,
65,画像17の説明,0,0.0,0,,unused,
66,画像18の説明,0,0.0,0,,unused,
67,画像19の説明,0,0.0,0,,unused,
68,画像20の説明,0,0.0,0,,unused,
69,在庫タイプ,262,1.0,2,1 (154) | 2 (108),control_or_optional,商品種別/運用ルールに応じて入力
70,選択肢項目名1（横軸）,109,0.416,28,袋数 (45) | 種類 (18) | 1種類目 (7),control_or_optional,商品種別/運用ルールに応じて入力
71,選択肢項目名2（縦軸）,14,0.0534,6,2種類目 (7) | 数量 (2) | 2種目 (2),control_or_optional,商品種別/運用ルールに応じて入力
72,Yahoo スペック項目（横軸）,0,0.0,0,,unused,
73,Yahoo スペック項目（縦軸）,0,0.0,0,,unused,
74,在庫数,221,0.8435,24,0 (174) | 10 (14) | 50 (4),control_or_optional,商品種別/運用ルールに応じて入力
75,在庫無制限,262,1.0,1,0 (262),fixed_value,固定値運用向き
76,au PAY マーケット管理ID,0,0.0,0,,unused,
77,付箋1,47,0.1794,3,二重価格OK_20260404 (40) | 1 (6) | 5 (1),control_or_optional,商品種別/運用ルールに応じて入力
78,付箋2,0,0.0,0,,unused,
79,付箋3,0,0.0,0,,unused,
80,新品・中古,262,1.0,1,0 (262),fixed_value,固定値運用向き
81,カタログIDなしの理由,262,1.0,3,0 (139) | 5 (120) | 3 (3),control_or_optional,商品種別/運用ルールに応じて入力
82,セット商品用カタログID,0,0.0,0,,unused,
83,オプションマスタ,75,0.2863,6,ゆうパケット対応商品 (67) | 柄ランダム (3) | 大根のど飴 (2),optional,必要時のみ
84,自由入力行（項目）1,10,0.0382,1,内容量 (10),optional,必要時のみ
85,自由入力行（値）1,10,0.0382,7,100g (3) | 500g (2) | 170g (1),optional,必要時のみ
86,自由入力行（項目）2,0,0.0,0,,unused,
87,自由入力行（値）2,0,0.0,0,,unused,
88,自由入力行（項目）3,0,0.0,0,,unused,
89,自由入力行（値）3,0,0.0,0,,unused,
90,自由入力行（項目）4,0,0.0,0,,unused,
91,自由入力行（値）4,0,0.0,0,,unused,
92,自由入力行（項目）5,0,0.0,0,,unused,
93,自由入力行（値）5,0,0.0,0,,unused,
94,商品属性（項目）1,262,1.0,4,シリーズ名 (239) | カラー (15) | ブランド名 (5),attribute_slot_name,ジャンル/カテゴリテンプレート化推奨
95,商品属性（値）1,262,1.0,52,天然生活 (115) | イガラシ (22) | リアライズ (18),attribute_value,商品ごとの差分入力
96,商品属性（単位）1,0,0.0,0,,unused,
97,商品属性（項目）2,262,1.0,4,ブランド名 (241) | シリーズ名 (13) | メーカー型番 (5),attribute_slot_name,ジャンル/カテゴリテンプレート化推奨
98,商品属性（値）2,262,1.0,55,天然生活 (124) | イガラシ (21) | リアライズ (19),attribute_value,商品ごとの差分入力
99,商品属性（単位）2,0,0.0,0,,unused,
100,商品属性（項目）3,262,1.0,8,原産国／製造国 (197) | メーカー型番 (32) | ブランド名 (13),attribute_slot_name,ジャンル/カテゴリテンプレート化推奨
101,商品属性（値）3,259,0.9885,52,日本 (174) | 天然生活 (9) | ドイツ (6),attribute_value,商品ごとの差分入力
102,商品属性（単位）3,10,0.0382,3,g (5) | 個 (4) | 包 (1),attribute_unit,属性値に応じて自動/テンプレ可
103,商品属性（項目）4,262,1.0,12,総重量 (123) | 総個数 (76) | 発売年月日 (27),attribute_slot_name,ジャンル/カテゴリテンプレート化推奨
104,商品属性（値）4,123,0.4695,41,500 (16) | 4 (14) | なし (9),attribute_value,商品ごとの差分入力
105,商品属性（単位）4,59,0.2252,3,g (56) | kg (2) | 個 (1),attribute_unit,属性値に応じて自動/テンプレ可
106,商品属性（項目）5,262,1.0,12,総個数 (122) | 総重量 (76) | おもちゃの素材 (27),attribute_slot_name,ジャンル/カテゴリテンプレート化推奨
107,商品属性（値）5,120,0.458,33,1 (35) | 日本 (13) | 50 (8),attribute_value,商品ごとの差分入力
108,商品属性（単位）5,33,0.126,2,g (31) | kg (2),attribute_unit,属性値に応じて自動/テンプレ可
109,商品属性（項目）6,262,1.0,14,総容量 (197) | キャラクター (27) | オーガニック認証機関・基準 (15),attribute_slot_name,ジャンル/カテゴリテンプレート化推奨
110,商品属性（値）6,2,0.0076,1,ノンカフェイン・デカフェ (2),attribute_value,商品ごとの差分入力
111,商品属性（単位）6,0,0.0,0,,unused,
112,商品属性（項目）7,262,1.0,30,オーガニック認証機関・基準 (71) | 産地（都道府県） (48) | 対象 (25),attribute_slot_name,ジャンル/カテゴリテンプレート化推奨
113,商品属性（値）7,8,0.0305,4,中国 (3) | オーガニック・有機 (2) | 70 (2),attribute_value,商品ごとの差分入力
114,商品属性（単位）7,2,0.0076,1,% (2),attribute_unit,属性値に応じて自動/テンプレ可
115,商品属性（項目）8,262,1.0,37,食品配送状態 (48) | 産地（都道府県） (45) | 対象年齢 (25),attribute_slot_name,ジャンル/カテゴリテンプレート化推奨
116,商品属性（値）8,1,0.0038,1,有 (1),attribute_value,商品ごとの差分入力
117,商品属性（単位）8,0,0.0,0,,unused,
118,商品属性（項目）9,262,1.0,38,単品重量 (50) | 産地（都道府県） (39) | 代表カラー (25),attribute_slot_name,ジャンル/カテゴリテンプレート化推奨
119,商品属性（値）9,2,0.0076,2,40 (1) | 宮崎 (1),attribute_value,商品ごとの差分入力
120,商品属性（単位）9,1,0.0038,1,g (1),attribute_unit,属性値に応じて自動/テンプレ可
121,商品属性（項目）10,262,1.0,32,食品の梱包方法 (51) | 自然派志向 (28) | 保存方法 (25),attribute_slot_name,ジャンル/カテゴリテンプレート化推奨
122,商品属性（値）10,0,0.0,0,,unused,
123,商品属性（単位）10,0,0.0,0,,unused,
124,商品属性（項目）11,262,1.0,27,食品配送状態 (39) | 産地（都道府県） (30) | 状態 (28),attribute_slot_name,ジャンル/カテゴリテンプレート化推奨
125,商品属性（値）11,0,0.0,0,,unused,
126,商品属性（単位）11,0,0.0,0,,unused,
127,商品属性（項目）12,262,1.0,25,単品重量 (65) | 販売形態（並行輸入品） (28) | 中古状態 (28),attribute_slot_name,ジャンル/カテゴリテンプレート化推奨
128,商品属性（値）12,2,0.0076,1,直射日光、高温多湿をさけて保存してください (2),attribute_value,商品ごとの差分入力
129,商品属性（単位）12,0,0.0,0,,unused,
130,商品属性（項目）13,262,1.0,28,販売形態（並行輸入品） (29) | 販売形態（訳あり） (28) | 保存方法 (27),attribute_slot_name,ジャンル/カテゴリテンプレート化推奨
131,商品属性（値）13,6,0.0229,3,100 (4) | 200 (1) | 直射日光、高温多湿をさけてください。 (1),attribute_value,商品ごとの差分入力
132,商品属性（単位）13,5,0.0191,1,g (5),attribute_unit,属性値に応じて自動/テンプレ可
133,商品属性（項目）14,262,1.0,28,販売形態（並行輸入品） (51) | 販売形態（訳あり） (29) | アレルギー物質 (25),attribute_slot_name,ジャンル/カテゴリテンプレート化推奨
134,商品属性（値）14,0,0.0,0,,unused,
135,商品属性（単位）14,0,0.0,0,,unused,
136,商品属性（項目）15,261,0.9962,25,販売形態（訳あり） (51) | イベント・祝日 (31) | 不使用添加物 (28),attribute_slot_name,ジャンル/カテゴリテンプレート化推奨
137,商品属性（値）15,0,0.0,0,,unused,
138,商品属性（単位）15,0,0.0,0,,unused,
139,商品属性（項目）16,261,0.9962,25,アレルギー物質 (46) | 単品（個装）個数 (38) | シリーズ名（カナ） (28),attribute_slot_name,ジャンル/カテゴリテンプレート化推奨
140,商品属性（値）16,0,0.0,0,,unused,
141,商品属性（単位）16,0,0.0,0,,unused,
142,商品属性（項目）17,261,0.9962,23,イベント・祝日 (45) | 販売形態（並行輸入品） (36) | 食品配送状態 (31),attribute_slot_name,ジャンル/カテゴリテンプレート化推奨
143,商品属性（値）17,0,0.0,0,,unused,
144,商品属性（単位）17,0,0.0,0,,unused,
145,商品属性（項目）18,259,0.9885,30,販売形態（並行輸入品） (49) | オーガニック認証機関・基準 (47) | 販売形態（訳あり） (36),attribute_slot_name,ジャンル/カテゴリテンプレート化推奨
146,商品属性（値）18,0,0.0,0,,unused,
147,商品属性（単位）18,0,0.0,0,,unused,
148,商品属性（項目）19,258,0.9847,25,シリーズ名（カナ） (50) | 販売形態（訳あり） (49) | ブランド名（カナ） (33),attribute_slot_name,ジャンル/カテゴリテンプレート化推奨
149,商品属性（値）19,0,0.0,0,,unused,
150,商品属性（単位）19,0,0.0,0,,unused,
151,商品属性（項目）20,255,0.9733,23,アレルギー物質 (52) | ハンドメイド・手作り (33) | ブランド名（カナ） (27),attribute_slot_name,ジャンル/カテゴリテンプレート化推奨
152,商品属性（値）20,0,0.0,0,,unused,
153,商品属性（単位）20,0,0.0,0,,unused,
154,商品属性（項目）21,252,0.9618,22,ブランド名（カナ） (44) | 栄養成分表示 (27) | 発売年月日（テキスト） (26),attribute_slot_name,ジャンル/カテゴリテンプレート化推奨
155,商品属性（値）21,2,0.0076,2,製造より常温180日(約60～180日弱賞味期限が残ったものでのお届けとなります） (1) | 受験 (1),attribute_value,商品ごとの差分入力
156,商品属性（単位）21,0,0.0,0,,unused,
157,商品属性（項目）22,251,0.958,23,栄養成分表示 (43) | ブランド名（カナ） (28) | 原材料 (25),attribute_slot_name,ジャンル/カテゴリテンプレート化推奨
158,商品属性（値）22,6,0.0229,2,製造より常温1年(約４か月～１年弱賞味期限が残ったものでのお届けとなります） (4) | 1袋80ｇあたり(推定値) 熱量258kcal、たんぱく質4.4g、脂質0.0g、炭水化物66.9g、食塩相当量0.0g (2),attribute_value,商品ごとの差分入力
159,商品属性（単位）22,0,0.0,0,,unused,
160,商品属性（項目）23,249,0.9504,22,栄養成分表示 (49) | 個別包装の有無 (25) | 本体横幅 (25),attribute_slot_name,ジャンル/カテゴリテンプレート化推奨
161,商品属性（値）23,5,0.0191,3,2年 (2) | 砂糖(国内製造)、水飴、蜂蜜(葉山産)、三浦大根 (2) | 株式会社天然生活 東京都品川区大崎3丁目6-4 トキワビル7階 (1),attribute_value,商品ごとの差分入力
162,商品属性（単位）23,0,0.0,0,,unused,
163,商品属性（項目）24,249,0.9504,23,自然派志向 (48) | 原材料 (44) | ハンドメイド・手作り (26),attribute_slot_name,ジャンル/カテゴリテンプレート化推奨
164,商品属性（値）24,5,0.0191,2,株式会社天然生活 東京都品川区大崎3丁目6-4 トキワビル7階 (4) | 砂糖（国内製造）、生餡、水飴、寒天、食塩 (1),attribute_value,商品ごとの差分入力
165,商品属性（単位）24,0,0.0,0,,unused,
166,商品属性（項目）25,249,0.9504,20,種類の数 (48) | 自然派志向 (33) | 原材料 (33),attribute_slot_name,ジャンル/カテゴリテンプレート化推奨
167,商品属性（値）25,1,0.0038,1,製造より常温120日（約40日～120日弱賞味期限が残ったものでのお届けとなります） (1),attribute_value,商品ごとの差分入力
168,商品属性（単位）25,0,0.0,0,,unused,
169,商品属性（項目）26,245,0.9351,21,消費期限 (89) | ブランド名（カナ） (27) | 自然派志向 (24),attribute_slot_name,ジャンル/カテゴリテンプレート化推奨
170,商品属性（値）26,2,0.0076,2,製造日より常温150日（約50日～150日弱賞味期限が残ったものでのお届けとなります） (1) | 株式会社天然生活 東京都品川区大崎3丁目6-4 トキワビル7階 (1),attribute_value,商品ごとの差分入力
171,商品属性（単位）26,0,0.0,0,,unused,
172,商品属性（項目）27,241,0.9198,21,賞味期限 (89) | 消費期限 (27) | 配送サービス (25),attribute_slot_name,ジャンル/カテゴリテンプレート化推奨
173,商品属性（値）27,7,0.0267,5,製造より120日(約40日～120日弱賞味期限が残ったものでのお届けとなります) (2) | 製造より常温60日(約20日～60日弱賞味期限が残ったものでのお届けとなります) (2) | 製造日より常温90日（約30日～90日弱賞味期限が残ったものでのお届けとなります） (1),attribute_value,商品ごとの差分入力
174,商品属性（単位）27,0,0.0,0,,unused,
175,商品属性（項目）28,215,0.8206,19,食品の梱包方法 (53) | 製造者 (39) | 賞味期限 (27),attribute_slot_name,ジャンル/カテゴリテンプレート化推奨
176,商品属性（値）28,7,0.0267,4,株式会社天然生活 東京都品川区大崎3丁目6-4 トキワビル7階 (4) | 製造より常温120日(約40日～120日弱賞味期限が残ったものでのお届けとなります） (1) | 製造より常温120日（約40日～120日弱賞味期限が残ったものでのお届けとなります） (1),attribute_value,商品ごとの差分入力
177,商品属性（単位）28,0,0.0,0,,unused,
178,商品属性（項目）29,212,0.8092,18,製造者 (80) | 消費期限 (26) | 箱・袋数（セット数） (23),attribute_slot_name,ジャンル/カテゴリテンプレート化推奨
179,商品属性（値）29,3,0.0115,1,株式会社天然生活 東京都品川区大崎3丁目6-4 トキワビル7階 (3),attribute_value,商品ごとの差分入力
180,商品属性（単位）29,0,0.0,0,,unused,
181,商品属性（項目）30,208,0.7939,19,発売年月日 (50) | 販売者 (41) | 箱・袋数（セット数） (26),attribute_slot_name,ジャンル/カテゴリテンプレート化推奨
182,商品属性（値）30,1,0.0038,1,2年 (1),attribute_value,商品ごとの差分入力
183,商品属性（単位）30,0,0.0,0,,unused,
184,商品属性（項目）31,205,0.7824,20,発売年月日（テキスト） (50) | 発売年月日 (33) | 保存方法 (32),attribute_slot_name,ジャンル/カテゴリテンプレート化推奨
185,商品属性（値）31,1,0.0038,1,製造より冷凍90日（約30日～90日弱賞味期限が残ったものでのお届けとなります） (1),attribute_value,商品ごとの差分入力
186,商品属性（単位）31,0,0.0,0,,unused,
187,商品属性（項目）32,200,0.7634,16,不使用添加物 (46) | 名称 (36) | 発売年月日（テキスト） (33),attribute_slot_name,ジャンル/カテゴリテンプレート化推奨
188,商品属性（値）32,1,0.0038,1,株式会社天然生活 東京都品川区大崎3丁目6-4 トキワビル7階 (1),attribute_value,商品ごとの差分入力
189,商品属性（単位）32,0,0.0,0,,unused,
190,商品属性（項目）33,193,0.7366,14,名称 (50) | 輸入者 (36) | 不使用添加物 (33),attribute_slot_name,ジャンル/カテゴリテンプレート化推奨
191,商品属性（値）33,1,0.0038,1,生菓子 (1),attribute_value,商品ごとの差分入力
192,商品属性（単位）33,0,0.0,0,,unused,
193,商品属性（項目）34,187,0.7137,12,輸入者 (50) | 名称 (50) | シリーズ名（カナ） (30),attribute_slot_name,ジャンル/カテゴリテンプレート化推奨
194,商品属性（値）34,0,0.0,0,,unused,
195,商品属性（単位）34,0,0.0,0,,unused,
196,商品属性（項目）35,158,0.6031,10,輸入者 (58) | 加工者 (46) | 不使用添加物 (19),attribute_slot_name,ジャンル/カテゴリテンプレート化推奨
197,商品属性（値）35,0,0.0,0,,unused,
198,商品属性（単位）35,0,0.0,0,,unused,
199,商品属性（項目）36,136,0.5191,7,単品（個装）個数 (46) | 加工者 (41) | 名称 (20),attribute_slot_name,ジャンル/カテゴリテンプレート化推奨
200,商品属性（値）36,1,0.0038,1,50 (1),attribute_value,商品ごとの差分入力
201,商品属性（単位）36,0,0.0,0,,unused,
202,商品属性（項目）37,96,0.3664,9,単品（個装）個数 (26) | セット内容 (23) | 輸入者 (19),attribute_slot_name,ジャンル/カテゴリテンプレート化推奨
203,商品属性（値）37,0,0.0,0,,unused,
204,商品属性（単位）37,0,0.0,0,,unused,
205,商品属性（項目）38,85,0.3244,7,セット内容 (25) | ハンドメイド・手作り (23) | 加工者 (19),attribute_slot_name,ジャンル/カテゴリテンプレート化推奨
206,商品属性（値）38,0,0.0,0,,unused,
207,商品属性（単位）38,0,0.0,0,,unused,
208,商品属性（項目）39,35,0.1336,5,単品（個装）個数 (19) | 輸入者 (8) | 加工者 (6),attribute_slot_name,ジャンル/カテゴリテンプレート化推奨
209,商品属性（値）39,0,0.0,0,,unused,
210,商品属性（単位）39,0,0.0,0,,unused,
211,商品属性（項目）40,15,0.0573,3,加工者 (8) | 単品（個装）個数 (6) | 消費期限 (1),attribute_slot_name,ジャンル/カテゴリテンプレート化推奨
212,商品属性（値）40,0,0.0,0,,unused,
213,商品属性（単位）40,0,0.0,0,,unused,
214,商品属性（項目）41,15,0.0573,4,セット内容 (6) | ブランド名（カナ） (6) | 単品（個装）個数 (2),attribute_slot_name,ジャンル/カテゴリテンプレート化推奨
215,商品属性（値）41,0,0.0,0,,unused,
216,商品属性（単位）41,0,0.0,0,,unused,
217,商品属性（項目）42,1,0.0038,1,輸入者 (1),attribute_slot_name,ジャンル/カテゴリテンプレート化推奨
218,商品属性（値）42,0,0.0,0,,unused,
219,商品属性（単位）42,0,0.0,0,,unused,
220,商品属性（項目）43,1,0.0038,1,加工者 (1),attribute_slot_name,ジャンル/カテゴリテンプレート化推奨
221,商品属性（値）43,0,0.0,0,,unused,
222,商品属性（単位）43,0,0.0,0,,unused,
223,商品属性（項目）44,1,0.0038,1,製造者 (1),attribute_slot_name,ジャンル/カテゴリテンプレート化推奨
224,商品属性（値）44,0,0.0,0,,unused,
225,商品属性（単位）44,0,0.0,0,,unused,
226,商品属性（項目）45,0,0.0,0,,unused,
227,商品属性（値）45,0,0.0,0,,unused,
228,商品属性（単位）45,0,0.0,0,,unused,
229,商品属性（項目）46,0,0.0,0,,unused,
230,商品属性（値）46,0,0.0,0,,unused,
231,商品属性（単位）46,0,0.0,0,,unused,
232,商品属性（項目）47,0,0.0,0,,unused,
233,商品属性（値）47,0,0.0,0,,unused,
234,商品属性（単位）47,0,0.0,0,,unused,
235,商品属性（項目）48,0,0.0,0,,unused,
236,商品属性（値）48,0,0.0,0,,unused,
237,商品属性（単位）48,0,0.0,0,,unused,
238,商品属性（項目）49,0,0.0,0,,unused,
239,商品属性（値）49,0,0.0,0,,unused,
240,商品属性（単位）49,0,0.0,0,,unused,
241,商品属性（項目）50,0,0.0,0,,unused,
242,商品属性（値）50,0,0.0,0,,unused,
243,商品属性（単位）50,0,0.0,0,,unused,
244,商品属性（項目）51,0,0.0,0,,unused,
245,商品属性（値）51,0,0.0,0,,unused,
246,商品属性（単位）51,0,0.0,0,,unused,
247,商品属性（項目）52,0,0.0,0,,unused,
248,商品属性（値）52,0,0.0,0,,unused,
249,商品属性（単位）52,0,0.0,0,,unused,
250,商品属性（項目）53,0,0.0,0,,unused,
251,商品属性（値）53,0,0.0,0,,unused,
252,商品属性（単位）53,0,0.0,0,,unused,
253,商品属性（項目）54,0,0.0,0,,unused,
254,商品属性（値）54,0,0.0,0,,unused,
255,商品属性（単位）54,0,0.0,0,,unused,
256,商品属性（項目）55,0,0.0,0,,unused,
257,商品属性（値）55,0,0.0,0,,unused,
258,商品属性（単位）55,0,0.0,0,,unused,
259,商品属性（項目）56,0,0.0,0,,unused,
260,商品属性（値）56,0,0.0,0,,unused,
261,商品属性（単位）56,0,0.0,0,,unused,
262,商品属性（項目）57,0,0.0,0,,unused,
263,商品属性（値）57,0,0.0,0,,unused,
264,商品属性（単位）57,0,0.0,0,,unused,
265,商品属性（項目）58,0,0.0,0,,unused,
266,商品属性（値）58,0,0.0,0,,unused,
267,商品属性（単位）58,0,0.0,0,,unused,
268,商品属性（項目）59,0,0.0,0,,unused,
269,商品属性（値）59,0,0.0,0,,unused,
270,商品属性（単位）59,0,0.0,0,,unused,
271,商品属性（項目）60,0,0.0,0,,unused,
272,商品属性（値）60,0,0.0,0,,unused,
273,商品属性（単位）60,0,0.0,0,,unused,
274,商品属性（項目）61,0,0.0,0,,unused,
275,商品属性（値）61,0,0.0,0,,unused,
276,商品属性（単位）61,0,0.0,0,,unused,
277,商品属性（項目）62,0,0.0,0,,unused,
278,商品属性（値）62,0,0.0,0,,unused,
279,商品属性（単位）62,0,0.0,0,,unused,
280,商品属性（項目）63,0,0.0,0,,unused,
281,商品属性（値）63,0,0.0,0,,unused,
282,商品属性（単位）63,0,0.0,0,,unused,
283,商品属性（項目）64,0,0.0,0,,unused,
284,商品属性（値）64,0,0.0,0,,unused,
285,商品属性（単位）64,0,0.0,0,,unused,
286,商品属性（項目）65,0,0.0,0,,unused,
287,商品属性（値）65,0,0.0,0,,unused,
288,商品属性（単位）65,0,0.0,0,,unused,
289,商品属性（項目）66,0,0.0,0,,unused,
290,商品属性（値）66,0,0.0,0,,unused,
291,商品属性（単位）66,0,0.0,0,,unused,
292,商品属性（項目）67,0,0.0,0,,unused,
293,商品属性（値）67,0,0.0,0,,unused,
294,商品属性（単位）67,0,0.0,0,,unused,
295,商品属性（項目）68,0,0.0,0,,unused,
296,商品属性（値）68,0,0.0,0,,unused,
297,商品属性（単位）68,0,0.0,0,,unused,
298,商品属性（項目）69,0,0.0,0,,unused,
299,商品属性（値）69,0,0.0,0,,unused,
300,商品属性（単位）69,0,0.0,0,,unused,
301,商品属性（項目）70,0,0.0,0,,unused,
302,商品属性（値）70,0,0.0,0,,unused,
303,商品属性（単位）70,0,0.0,0,,unused,
304,商品属性（項目）71,0,0.0,0,,unused,
305,商品属性（値）71,0,0.0,0,,unused,
306,商品属性（単位）71,0,0.0,0,,unused,
307,商品属性（項目）72,0,0.0,0,,unused,
308,商品属性（値）72,0,0.0,0,,unused,
309,商品属性（単位）72,0,0.0,0,,unused,
310,商品属性（項目）73,0,0.0,0,,unused,
311,商品属性（値）73,0,0.0,0,,unused,
312,商品属性（単位）73,0,0.0,0,,unused,
313,商品属性（項目）74,0,0.0,0,,unused,
314,商品属性（値）74,0,0.0,0,,unused,
315,商品属性（単位）74,0,0.0,0,,unused,
316,商品属性（項目）75,0,0.0,0,,unused,
317,商品属性（値）75,0,0.0,0,,unused,
318,商品属性（単位）75,0,0.0,0,,unused,
319,商品属性（項目）76,0,0.0,0,,unused,
320,商品属性（値）76,0,0.0,0,,unused,
321,商品属性（単位）76,0,0.0,0,,unused,
322,商品属性（項目）77,0,0.0,0,,unused,
323,商品属性（値）77,0,0.0,0,,unused,
324,商品属性（単位）77,0,0.0,0,,unused,
325,商品属性（項目）78,0,0.0,0,,unused,
326,商品属性（値）78,0,0.0,0,,unused,
327,商品属性（単位）78,0,0.0,0,,unused,
328,商品属性（項目）79,0,0.0,0,,unused,
329,商品属性（値）79,0,0.0,0,,unused,
330,商品属性（単位）79,0,0.0,0,,unused,
331,商品属性（項目）80,0,0.0,0,,unused,
332,商品属性（値）80,0,0.0,0,,unused,
333,商品属性（単位）80,0,0.0,0,,unused,
334,商品属性（項目）81,0,0.0,0,,unused,
335,商品属性（値）81,0,0.0,0,,unused,
336,商品属性（単位）81,0,0.0,0,,unused,
337,商品属性（項目）82,0,0.0,0,,unused,
338,商品属性（値）82,0,0.0,0,,unused,
339,商品属性（単位）82,0,0.0,0,,unused,
340,商品属性（項目）83,0,0.0,0,,unused,
341,商品属性（値）83,0,0.0,0,,unused,
342,商品属性（単位）83,0,0.0,0,,unused,
343,商品属性（項目）84,0,0.0,0,,unused,
344,商品属性（値）84,0,0.0,0,,unused,
345,商品属性（単位）84,0,0.0,0,,unused,
346,商品属性（項目）85,0,0.0,0,,unused,
347,商品属性（値）85,0,0.0,0,,unused,
348,商品属性（単位）85,0,0.0,0,,unused,
349,商品属性（項目）86,0,0.0,0,,unused,
350,商品属性（値）86,0,0.0,0,,unused,
351,商品属性（単位）86,0,0.0,0,,unused,
352,商品属性（項目）87,0,0.0,0,,unused,
353,商品属性（値）87,0,0.0,0,,unused,
354,商品属性（単位）87,0,0.0,0,,unused,
355,商品属性（項目）88,0,0.0,0,,unused,
356,商品属性（値）88,0,0.0,0,,unused,
357,商品属性（単位）88,0,0.0,0,,unused,
358,商品属性（項目）89,0,0.0,0,,unused,
359,商品属性（値）89,0,0.0,0,,unused,
360,商品属性（単位）89,0,0.0,0,,unused,
361,商品属性（項目）90,0,0.0,0,,unused,
362,商品属性（値）90,0,0.0,0,,unused,
363,商品属性（単位）90,0,0.0,0,,unused,
364,商品属性（項目）91,0,0.0,0,,unused,
365,商品属性（値）91,0,0.0,0,,unused,
366,商品属性（単位）91,0,0.0,0,,unused,
367,商品属性（項目）92,0,0.0,0,,unused,
368,商品属性（値）92,0,0.0,0,,unused,
369,商品属性（単位）92,0,0.0,0,,unused,
370,商品属性（項目）93,0,0.0,0,,unused,
371,商品属性（値）93,0,0.0,0,,unused,
372,商品属性（単位）93,0,0.0,0,,unused,
373,商品属性（項目）94,0,0.0,0,,unused,
374,商品属性（値）94,0,0.0,0,,unused,
375,商品属性（単位）94,0,0.0,0,,unused,
376,商品属性（項目）95,0,0.0,0,,unused,
377,商品属性（値）95,0,0.0,0,,unused,
378,商品属性（単位）95,0,0.0,0,,unused,
379,商品属性（項目）96,0,0.0,0,,unused,
380,商品属性（値）96,0,0.0,0,,unused,
381,商品属性（単位）96,0,0.0,0,,unused,
382,商品属性（項目）97,0,0.0,0,,unused,
383,商品属性（値）97,0,0.0,0,,unused,
384,商品属性（単位）97,0,0.0,0,,unused,
385,商品属性（項目）98,0,0.0,0,,unused,
386,商品属性（値）98,0,0.0,0,,unused,
387,商品属性（単位）98,0,0.0,0,,unused,
388,商品属性（項目）99,0,0.0,0,,unused,
389,商品属性（値）99,0,0.0,0,,unused,
390,商品属性（単位）99,0,0.0,0,,unused,
391,商品属性（項目）100,0,0.0,0,,unused,
392,商品属性（値）100,0,0.0,0,,unused,
393,商品属性（単位）100,0,0.0,0,,unused,
